k_revs,m_days,a_km,h_km,i_deg,n_basic_crossovers,total_crossovers,lat_min_deg,lat_max_deg
12,1,8054.622,1676.5,102.9367,6,144,22.82,76.64
13,1,7635.250,1257.1,100.6999,7,169,0.00,79.00
14,1,7266.457,888.3,98.9822,7,196,26.46,80.80
15,1,6939.128,561.0,97.6353,8,225,0.00,82.20
23,2,8286.913,1908.8,104.3178,12,552,11.23,75.56
25,2,7837.940,1459.8,101.7414,13,650,12.29,78.17
27,2,7445.159,1067.0,99.7869,14,756,13.29,80.15
29,2,7098.088,720.0,98.2694,15,870,14.23,81.68
31,2,6788.761,410.6,97.0687,16,992,15.12,82.90
34,3,8368.129,1990.0,104.8261,18,1224,7.40,75.12
35,3,8207.639,1829.5,103.8345,19,1295,0.00,76.11
37,3,7908.538,1530.4,102.1214,20,1443,0.00,77.84
38,3,7768.895,1390.8,101.3785,20,1520,8.36,78.58
40,3,7507.201,1129.1,100.0783,21,1680,8.81,79.89
41,3,7384.381,1006.2,99.5075,22,1763,0.00,80.47
43,3,7153.122,775.0,98.4976,23,1935,0.00,81.48
44,3,7044.098,666.0,98.0499,23,2024,9.66,81.93
46,3,6837.975,459.8,97.2506,24,2208,10.07,82.73
47,3,6740.422,362.3,96.8932,25,2303,0.00,83.09
47,4,8168.706,1790.6,103.6017,25,2350,5.80,76.37
49,4,7944.437,1566.3,102.3181,26,2548,6.07,77.66
51,4,7734.938,1356.8,101.2032,27,2754,6.33,78.78
53,4,7538.709,1160.6,100.2287,28,2968,6.58,79.75
55,4,7354.453,976.3,99.3721,29,3190,6.83,80.61
57,4,7181.041,802.9,98.6152,30,3420,7.07,81.37
59,4,7017.485,639.3,97.9432,31,3658,7.31,82.05
61,4,6862.918,484.8,97.3441,32,3904,7.54,82.65
63,4,6716.572,338.4,96.8078,33,4158,7.76,83.18
57,5,8335.405,1957.3,104.6197,31,3477,0.00,75.36
58,5,8239.120,1861.0,104.0249,31,3596,4.57,75.96
59,5,8145.567,1767.4,103.4648,32,3717,0.00,76.52
61,5,7966.172,1588.0,102.4383,33,3965,0.00,77.55
62,5,7880.109,1502.0,101.9673,33,4092,4.92,78.02
63,5,7796.330,1418.2,101.5217,34,4221,0.00,78.46
64,5,7714.740,1336.6,101.0998,34,4352,5.09,78.89
66,5,7557.773,1179.6,100.3205,35,4620,5.25,79.67
67,5,7482.230,1104.1,99.9602,36,4757,0.00,80.03
68,5,7408.543,1030.4,99.6178,36,4896,5.41,80.37
69,5,7336.642,958.5,99.2922,37,5037,0.00,80.70
71,5,7197.924,819.8,98.6868,38,5325,0.00,81.30
72,5,7130.981,752.8,98.4053,38,5472,5.72,81.59
73,5,7065.571,687.4,98.1367,39,5621,0.00,81.86
74,5,7001.638,623.5,97.8802,39,5772,5.87,82.11
76,5,6877.993,499.9,97.4011,40,6080,6.02,82.59
77,5,6818.183,440.0,97.1771,41,6237,0.00,82.82
78,5,6759.654,381.5,96.9627,41,6396,6.16,83.03
79,5,6702.363,324.2,96.7573,42,6557,0.00,83.24
71,6,8130.231,1752.1,103.3746,38,5396,3.90,76.61
73,6,7980.745,1602.6,102.5194,39,5694,4.02,77.47
77,6,7701.349,1323.2,101.0317,41,6314,4.25,78.96
79,6,7570.550,1192.4,100.3824,42,6636,4.37,79.61
83,6,7324.827,946.7,99.2394,44,7304,4.59,80.75
85,6,7209.234,831.1,98.7351,45,7650,4.70,81.26
89,6,6991.122,613.0,97.8386,47,8366,4.91,82.16
91,6,6888.088,510.0,97.4394,48,8736,5.01,82.56
95,6,6692.932,314.8,96.7240,50,9500,5.21,83.27
80,7,8321.478,1943.3,104.5325,43,6880,3.22,75.46
81,7,8252.705,1874.6,104.1077,44,7047,0.00,75.88
82,7,8185.335,1807.2,103.7008,44,7216,3.31,76.29
83,7,8119.322,1741.2,103.3108,45,7387,0.00,76.68
85,7,7991.196,1613.1,102.5778,46,7735,0.00,77.41
86,7,7929.002,1550.9,102.2332,46,7912,3.48,77.76
87,7,7868.003,1489.9,101.9021,47,8091,0.00,78.09
88,7,7808.162,1430.0,101.5839,47,8272,3.57,78.41
89,7,7749.445,1371.3,101.2778,48,8455,0.00,78.72
90,7,7691.819,1313.7,100.9834,48,8640,3.66,79.01
92,7,7579.709,1201.6,100.4269,49,9016,3.74,79.57
93,7,7525.165,1147.0,100.1638,50,9207,0.00,79.83
94,7,7471.591,1093.5,99.9102,50,9400,3.82,80.08
95,7,7418.959,1040.8,99.6657,51,9595,0.00,80.33
96,7,7367.242,989.1,99.4298,51,9792,3.90,80.57
97,7,7316.416,938.3,99.2020,52,9991,0.00,80.79
99,7,7217.340,839.2,98.7698,53,10395,0.00,81.23
100,7,7169.043,790.9,98.5645,53,10600,4.06,81.43
101,7,7121.544,743.4,98.3661,54,10807,0.00,81.63
102,7,7074.824,696.7,98.1743,54,11016,4.14,81.82
103,7,7028.860,650.7,97.9887,55,11227,0.00,82.01
104,7,6983.635,605.5,97.8091,55,11440,4.21,82.19
106,7,6895.322,517.2,97.4669,56,11872,4.29,82.53
107,7,6852.200,474.1,97.3039,57,12091,0.00,82.69
108,7,6809.745,431.6,97.1459,57,12312,4.36,82.85
109,7,6767.939,389.8,96.9927,58,12535,0.00,83.00
110,7,6726.768,348.6,96.8443,58,12760,4.44,83.15
111,7,6686.215,308.1,96.7003,59,12987,0.00,83.30
91,8,8347.639,1969.5,104.6966,49,8918,2.80,75.30
93,8,8227.279,1849.1,103.9530,50,9300,2.87,76.04
95,8,8111.163,1733.0,103.2632,51,9690,2.94,76.73
97,8,7999.056,1620.9,102.6219,52,10088,3.01,77.37
99,8,7890.740,1512.6,102.0247,53,10494,3.07,77.97
101,8,7786.013,1407.9,101.4677,54,10908,3.14,78.53
103,8,7684.690,1306.6,100.9473,55,11330,3.20,79.05
105,8,7586.596,1208.5,100.4604,56,11760,3.27,79.54
107,8,7491.569,1113.4,100.0042,57,12198,3.33,79.99
109,8,7399.459,1021.3,99.5762,58,12644,3.39,80.42
111,8,7310.125,932.0,99.1741,59,13098,3.45,80.82
113,8,7223.434,845.3,98.7959,60,13560,3.52,81.20
115,8,7139.264,761.1,98.4397,61,14030,3.58,81.56
117,8,7057.500,679.4,98.1040,62,14508,3.63,81.89
119,8,6978.032,599.9,97.7871,63,14994,3.69,82.21
121,8,6900.760,522.6,97.4877,64,15488,3.75,82.51
123,8,6825.588,447.5,97.2045,65,15990,3.81,82.79
125,8,6752.426,374.3,96.9365,66,16500,3.86,83.06
127,8,6681.189,303.1,96.6826,67,17018,3.92,83.32
103,9,8313.766,1935.6,104.4843,56,11433,0.00,75.51
104,9,8260.276,1882.1,104.1540,56,11648,2.53,75.84
106,9,8155.831,1777.7,103.5254,57,12084,2.59,76.47
107,9,8104.832,1726.7,103.2263,58,12305,0.00,76.77
109,9,8005.182,1627.0,102.6563,59,12753,0.00,77.34
110,9,7956.494,1578.4,102.3847,59,12980,2.70,77.61
112,9,7861.297,1483.2,101.8661,60,13440,2.75,78.13
113,9,7814.755,1436.6,101.6186,61,13673,0.00,78.38
115,9,7723.701,1345.6,101.1456,62,14145,0.00,78.85
116,9,7679.157,1301.0,100.9194,62,14384,2.85,79.08
118,9,7591.964,1213.8,100.4867,63,14868,2.90,79.51
119,9,7549.285,1171.1,100.2795,64,15113,0.00,79.72
121,9,7465.697,1087.6,99.8826,65,15609,0.00,80.11
122,9,7424.761,1046.6,99.6924,65,15860,3.00,80.30
124,9,7344.545,966.4,99.3276,66,16368,3.05,80.67
125,9,7305.240,927.1,99.1525,67,16625,0.00,80.84
127,9,7228.183,850.0,98.8163,68,17145,0.00,81.18
128,9,7190.408,812.3,98.6549,68,17408,3.15,81.34
130,9,7116.315,738.2,98.3445,69,17940,3.19,81.65
131,9,7079.977,701.8,98.1953,70,18209,0.00,81.80
133,9,7008.670,630.5,97.9082,71,18753,0.00,82.09
134,9,6973.683,595.5,97.7700,71,19028,3.29,82.23
136,9,6904.997,526.9,97.5039,72,19584,3.33,82.49
137,9,6871.282,493.1,97.3757,73,19865,0.00,82.62
139,9,6805.068,426.9,97.1286,74,20433,0.00,82.87
140,9,6772.552,394.4,97.0095,74,20720,3.42,82.99
142,9,6708.669,330.5,96.7797,75,21300,3.47,83.22
117,10,8192.010,1813.9,103.7407,63,14742,2.31,76.25
119,10,8099.776,1721.6,103.1969,64,15232,2.36,76.80
121,10,8010.092,1632.0,102.6840,65,15730,2.40,77.31
123,10,7922.849,1544.7,102.1995,66,16236,2.44,77.80
127,10,7755.267,1377.1,101.3079,68,17272,2.53,78.69
129,10,7674.738,1296.6,100.8972,69,17802,2.57,79.10
131,10,7596.265,1218.1,100.5077,70,18340,2.61,79.49
133,10,7519.765,1141.6,100.1380,71,18886,2.65,79.86
137,10,7372.374,994.2,99.4530,73,20002,2.73,80.54
139,10,7301.339,923.2,99.1353,74,20572,2.77,80.86
141,10,7231.988,853.9,98.8327,75,21150,2.81,81.17
143,10,7164.257,786.1,98.5444,76,21736,2.85,81.45
147,10,7033.423,655.3,98.0070,78,22932,2.92,81.99
149,10,6970.208,592.1,97.7564,79,23542,2.96,82.24
151,10,6908.392,530.3,97.5169,80,24160,3.00,82.48
153,10,6847.925,469.8,97.2878,81,24786,3.03,82.71
157,10,6730.857,352.7,96.8589,83,26062,3.11,83.14
125,11,8353.215,1975.1,104.7317,68,16875,0.00,75.26
126,11,8308.867,1930.7,104.4538,68,17136,2.05,75.54
127,11,8265.104,1887.0,104.1835,69,17399,0.00,75.81
128,11,8221.911,1843.8,103.9206,69,17664,2.09,76.08
129,11,8179.278,1801.1,103.6646,70,17931,0.00,76.33
130,11,8137.193,1759.1,103.4155,70,18200,2.13,76.58
131,11,8095.645,1717.5,103.1730,71,18471,0.00,76.82
133,11,8014.115,1636.0,102.7066,72,19019,0.00,77.29
134,11,7974.113,1596.0,102.4825,72,19296,2.20,77.51
135,11,7934.606,1556.5,102.2640,73,19575,0.00,77.73
136,11,7895.584,1517.4,102.0510,73,19856,2.23,77.95
137,11,7857.037,1478.9,101.8433,74,20139,0.00,78.15
138,11,7818.958,1440.8,101.6408,74,20424,2.27,78.36
139,11,7781.335,1403.2,101.4433,75,20711,0.00,78.55
140,11,7744.162,1366.0,101.2506,75,21000,2.30,78.75
141,11,7707.429,1329.3,101.0626,76,21291,0.00,78.93
142,11,7671.127,1293.0,100.8790,76,21584,2.34,79.12
144,11,7599.789,1221.7,100.5250,77,22176,2.37,79.47
145,11,7564.735,1186.6,100.3542,78,22475,0.00,79.64
146,11,7530.083,1151.9,100.1873,78,22776,2.40,79.81
147,11,7495.824,1117.7,100.0244,79,23079,0.00,79.97
148,11,7461.952,1083.8,99.8651,79,23384,2.44,80.13
149,11,7428.459,1050.3,99.7095,80,23691,0.00,80.29
150,11,7395.339,1017.2,99.5574,80,24000,2.47,80.44
151,11,7362.585,984.4,99.4087,81,24311,0.00,80.59
152,11,7330.191,952.1,99.2633,81,24624,2.50,80.73
153,11,7298.150,920.0,99.1212,82,24939,0.00,80.88
155,11,7235.104,857.0,98.8461,83,25575,0.00,81.15
156,11,7204.087,826.0,98.7131,83,25896,2.57,81.29
157,11,7173.400,795.3,98.5829,84,26219,0.00,81.42
158,11,7143.037,764.9,98.4555,84,26544,2.60,81.54
159,11,7112.993,734.9,98.3308,85,26871,0.00,81.67
160,11,7083.261,705.1,98.2087,85,27200,2.63,81.79
161,11,7053.838,675.7,98.0892,86,27531,0.00,81.91
162,11,7024.719,646.6,97.9721,86,27864,2.66,82.03
163,11,6995.897,617.8,97.8575,87,28199,0.00,82.14
164,11,6967.368,589.2,97.7452,87,28536,2.69,82.25
166,11,6911.172,533.0,97.5275,88,29216,2.72,82.47
167,11,6883.495,505.4,97.4219,89,29559,0.00,82.58
168,11,6856.093,478.0,97.3185,89,29904,2.75,82.68
169,11,6828.961,450.8,97.2171,90,30251,0.00,82.78
170,11,6802.096,424.0,97.1177,90,30600,2.78,82.88
171,11,6775.492,397.4,97.0202,91,30951,0.00,82.98
172,11,6749.147,371.0,96.9247,91,31304,2.81,83.07
173,11,6723.056,344.9,96.8310,92,31659,0.00,83.17
174,11,6697.215,319.1,96.7391,92,32016,2.84,83.26
137,12,8327.274,1949.1,104.5687,74,20276,1.87,75.43
139,12,8247.038,1868.9,104.0731,75,20850,1.91,75.92
143,12,8092.206,1714.1,103.1530,77,22022,1.97,76.84
145,12,8017.471,1639.3,102.7256,78,22620,2.00,77.27
149,12,7873.041,1494.9,101.9292,80,23840,2.06,78.07
151,12,7803.227,1425.1,101.5579,81,24462,2.09,78.44
155,12,7668.121,1290.0,100.8639,83,25730,2.14,79.13
157,12,7602.728,1224.6,100.5394,84,26376,2.17,79.46
161,12,7476.019,1097.9,99.9310,86,27692,2.23,80.07
163,12,7414.614,1036.5,99.6457,87,28362,2.26,80.35
167,12,7295.496,917.4,99.1095,89,29726,2.31,80.89
169,12,7237.704,859.6,98.8574,90,30420,2.34,81.14
173,12,7125.473,747.3,98.3824,92,31832,2.39,81.62
175,12,7070.965,692.8,98.1586,93,32550,2.42,81.84
179,12,6965.004,586.9,97.7360,95,34010,2.47,82.26
181,12,6913.491,535.4,97.5364,96,34752,2.50,82.46
185,12,6813.257,435.1,97.1588,98,36260,2.55,82.84
187,12,6764.484,386.3,96.9802,99,37026,2.57,83.02
148,13,8342.928,1964.8,104.6669,80,23680,1.72,75.33
149,13,8305.480,1927.3,104.4328,81,23989,0.00,75.56
150,13,8268.450,1890.3,104.2041,81,24300,1.75,75.79
151,13,8231.829,1853.7,103.9806,82,24613,0.00,76.02
152,13,8195.610,1817.5,103.7622,82,24928,1.78,76.24
153,13,8159.787,1781.6,103.5488,83,25245,0.00,76.45
154,13,8124.352,1746.2,103.3402,83,25564,1.80,76.66
155,13,8089.300,1711.2,103.1362,84,25885,0.00,76.86
157,13,8020.314,1642.2,102.7417,85,26533,0.00,77.26
158,13,7986.368,1608.2,102.5508,85,26860,1.86,77.45
159,13,7952.779,1574.6,102.3641,86,27189,0.00,77.63
160,13,7919.540,1541.4,102.1814,86,27520,1.88,77.82
161,13,7886.647,1508.5,102.0026,87,27853,0.00,78.00
162,13,7854.092,1476.0,101.8276,87,28188,1.91,78.17
163,13,7821.870,1443.7,101.6562,88,28525,0.00,78.34
164,13,7789.977,1411.8,101.4884,88,28864,1.93,78.51
165,13,7758.407,1380.3,101.3242,89,29205,0.00,78.67
166,13,7727.154,1349.0,101.1632,89,29548,1.96,78.83
167,13,7696.213,1318.1,101.0056,90,29893,0.00,78.99
168,13,7665.580,1287.4,100.8512,90,30240,1.98,79.15
170,13,7605.217,1227.1,100.5516,91,30940,2.00,79.45
171,13,7575.478,1197.3,100.4063,92,31293,0.00,79.59
172,13,7546.027,1167.9,100.2638,92,31648,2.03,79.73
173,13,7516.861,1138.7,100.1242,93,32005,0.00,79.87
174,13,7487.974,1109.8,99.9873,93,32364,2.05,80.01
175,13,7459.362,1081.2,99.8530,94,32725,0.00,80.15
176,13,7431.022,1052.9,99.7213,94,33088,2.08,80.28
177,13,7402.950,1024.8,99.5922,95,33453,0.00,80.41
178,13,7375.140,997.0,99.4655,95,33820,2.10,80.53
179,13,7347.590,969.5,99.3412,96,34189,0.00,80.66
180,13,7320.295,942.2,99.2193,96,34560,2.12,80.78
181,13,7293.252,915.1,99.0996,97,34933,0.00,80.90
183,13,7239.906,861.8,98.8669,98,35685,0.00,81.13
184,13,7213.596,835.5,98.7537,98,36064,2.17,81.25
185,13,7187.523,809.4,98.6426,99,36445,0.00,81.36
186,13,7161.684,783.5,98.5336,99,36828,2.19,81.47
187,13,7136.076,757.9,98.4265,100,37213,0.00,81.57
188,13,7110.694,732.6,98.3213,100,37600,2.21,81.68
189,13,7085.537,707.4,98.2180,101,37989,0.00,81.78
190,13,7060.601,682.5,98.1165,101,38380,2.24,81.88
191,13,7035.883,657.7,98.0169,102,38773,0.00,81.98
192,13,7011.379,633.2,97.9189,102,39168,2.26,82.08
193,13,6987.088,609.0,97.8227,103,39565,0.00,82.18
194,13,6963.005,584.9,97.7282,103,39964,2.28,82.27
196,13,6915.454,537.3,97.5439,104,40768,2.30,82.46
197,13,6891.981,513.8,97.4542,105,41173,0.00,82.54
198,13,6868.706,490.6,97.3660,105,41580,2.32,82.63
199,13,6845.626,467.5,97.2792,106,41989,0.00,82.72
200,13,6822.738,444.6,97.1940,106,42400,2.35,82.81
201,13,6800.040,421.9,97.1101,107,42813,0.00,82.89
202,13,6777.529,399.4,97.0276,107,43228,2.37,82.97
203,13,6755.204,377.1,96.9466,108,43645,0.00,83.05
204,13,6733.061,354.9,96.8668,108,44064,2.39,83.13
205,13,6711.098,333.0,96.7884,109,44485,0.00,83.21
206,13,6689.313,311.2,96.7112,109,44908,2.41,83.29
159,14,8356.405,1978.3,104.7519,86,27348,1.60,75.25
163,14,8218.847,1840.7,103.9020,88,28688,1.64,76.10
165,14,8152.161,1774.0,103.5037,89,29370,1.67,76.49
167,14,8086.810,1708.7,103.1218,90,30060,1.69,76.88
169,14,8022.752,1644.6,102.7555,91,30758,1.71,77.24
171,14,7959.947,1581.8,102.4038,92,31464,1.73,77.59
173,14,7898.355,1520.2,102.0660,93,32178,1.75,77.93
177,14,7778.665,1400.5,101.4294,95,33630,1.80,78.57
179,14,7720.498,1342.4,101.1292,96,34368,1.82,78.87
181,14,7663.404,1285.3,100.8403,97,35114,1.84,79.16
183,14,7607.353,1229.2,100.5621,98,35868,1.86,79.44
185,14,7552.314,1174.2,100.2941,99,36630,1.88,79.70
187,14,7498.259,1120.1,100.0359,100,37400,1.90,79.96
191,14,7392.988,1014.9,99.5467,102,38964,1.94,80.45
193,14,7341.720,963.6,99.3149,103,39758,1.96,80.68
195,14,7291.330,913.2,99.0911,104,40560,1.98,80.91
197,14,7241.794,863.7,98.8750,105,41370,2.00,81.12
199,14,7193.090,815.0,98.6663,106,42188,2.02,81.33
201,14,7145.195,767.1,98.4645,107,43014,2.04,81.53
205,14,7051.749,673.6,98.0807,109,44690,2.08,81.92
207,14,7006.156,628.0,97.8982,110,45540,2.10,82.10
209,14,6961.293,583.2,97.7215,111,46398,2.12,82.28
211,14,6917.139,539.0,97.5504,112,47264,2.14,82.45
213,14,6873.677,495.5,97.3847,113,48138,2.16,82.61
215,14,6830.890,452.8,97.2242,114,49020,2.18,82.78
219,14,6747.275,369.1,96.9179,116,50808,2.21,83.08
221,14,6706.415,328.3,96.7717,117,51714,2.23,83.23
172,15,8302.999,1924.9,104.4174,93,31992,1.51,75.58
173,15,8270.905,1892.8,104.2191,94,32351,0.00,75.78
176,15,8176.455,1798.3,103.6478,95,33440,1.55,76.35
178,15,8114.968,1736.8,103.2854,96,34176,1.57,76.71
179,15,8084.654,1706.5,103.1094,97,34547,0.00,76.89
181,15,8024.867,1646.7,102.7674,98,35295,0.00,77.23
182,15,7995.385,1617.2,102.6013,98,35672,1.61,77.40
184,15,7937.224,1559.1,102.2784,99,36432,1.62,77.72
187,15,7851.933,1473.8,101.8160,101,37587,0.00,78.18
188,15,7824.008,1445.9,101.6675,101,37976,1.66,78.33
191,15,7741.699,1363.6,101.2379,103,39155,0.00,78.76
193,15,7688.015,1309.9,100.9641,104,39951,0.00,79.03
194,15,7661.519,1283.4,100.8308,104,40352,1.72,79.17
196,15,7609.205,1231.1,100.5712,105,41160,1.74,79.43
197,15,7583.380,1205.2,100.4448,106,41567,0.00,79.55
199,15,7532.381,1154.2,100.1983,107,42387,0.00,79.80
202,15,7457.465,1079.3,99.8442,108,43632,1.79,80.15
203,15,7432.903,1054.8,99.7300,109,44051,0.00,80.27
206,15,7360.415,982.3,99.3989,110,45320,1.83,80.60
208,15,7313.059,934.9,99.1871,111,46176,1.84,80.81
209,15,7289.665,911.5,99.0838,112,46607,0.00,80.92
211,15,7243.432,865.3,98.8821,113,47475,0.00,81.12
212,15,7220.588,842.5,98.7837,113,47912,1.88,81.22
214,15,7175.436,797.3,98.5915,114,48792,1.89,81.41
217,15,7109.010,730.9,98.3143,116,50127,0.00,81.68
218,15,7087.208,709.1,98.2248,116,50576,1.93,81.77
221,15,7022.788,644.7,97.9644,118,51935,0.00,82.03
223,15,6980.645,602.5,97.7973,119,52851,0.00,82.20
224,15,6959.809,581.7,97.7157,119,53312,1.98,82.28
226,15,6918.599,540.5,97.5560,120,54240,1.99,82.44
227,15,6898.221,520.1,97.4780,121,54707,0.00,82.52
229,15,6857.911,479.8,97.3253,122,55647,0.00,82.67
232,15,6798.533,420.4,97.1046,123,57072,2.04,82.89
233,15,6779.024,400.9,97.0331,124,57551,0.00,82.97
236,15,6721.325,343.2,96.8248,125,59000,2.08,83.17
238,15,6683.534,305.4,96.6908,126,59976,2.09,83.31
